Protein 1,Residue1,Protein 2,Residue2,Unique ID,Score,,,,,,,,,,,,
Ski6,92,Rrp45,110,1,1.71E-03,,,,,,,,,,,,
Rrp45,110,Ski6,83,2,8.04E-06,,,,,,,,,,,,
Dis3,741,Rrp45,241,3,4.68E-07,,,,,,,,,,,,
Rrp45,284,Dis3,741,4,2.10E-05,,,,,,,,,,,,
Dis3,447,Dis3,385,5,2.22E-09,,,,,,,,,,,,
Dis3,599,Dis3,993,6,2.48E-03,,,,,,,,,,,,
Dis3,969,Dis3,995,7,1.42E-09,,,,,,,,,,,,
Rrp45,292,Dis3,599,8,5.53E-07,,,,,,,,,,,,
Dis3,719,Dis3,685,9,8.99E-02,,,,,,,,,,,,
Dis3,243,Dis3,124,10,7.86E-15,,,,,,,,,,,,
Dis3,664,Dis3,685,11,8.68E-02,,,,,,,,,,,,
Dis3,124,Dis3,143,12,7.69E-04,,,,,,,,,,,,
Dis3,993,Dis3,1001,13,1.88E-10,,,,,,,,,,,,
Dis3,305,Dis3,297,14,6.06E-03,,,,,,,,,,,,
Dis3,718,Dis3,685,15,3.01E-02,,,,,,,,,,,,
Ski6,204,Dis3,447,16,1.65E-04,,,,,,,,,,,,
Dis3,920,Dis3,297,17,3.03E-10,,,,,,,,,,,,
Dis3,741,Dis3,532,18,1.08E-05,,,,,,,,,,,,
Dis3,530,Dis3,741,19,2.52E-07,,,,,,,,,,,,
Dis3,741,Dis3,530,20,5.41E-07,,,,,,,,,,,,
Dis3,375,Dis3,385,21,3.24E-12,,,,,,,,,,,,
Dis3,920,Dis3,385,22,2.95E-11,,,,,,,,,,,,
Rrp45,284,Rrp45,241,23,3.42E-06,,,,,,,,,,,,
Dis3,524,Dis3,532,24,2.72E-03,,,,,,,,,,,,
Dis3,995,Dis3,433,25,2.76E-05,,,,,,,,,,,,
Dis3,557,Dis3,532,26,3.34E-05,,,,,,,,,,,,
Dis3,447,Dis3,433,27,1.31E-02,,,,,,,,,,,,
Dis3,461,Dis3,124,28,0.0000239,,,,,,,,,,,,
Dis3,664,Dis3,679,29,6.44E-07,,,,,,,,,,,,
Dis3,993,Dis3,433,30,1.29E-04,,,,,,,,,,,,
Dis3,969,Dis3,1001,31,1.06E-13,,,,,,,,,,,,
Dis3,558,Dis3,679,32,6.76E-03,,,,,,,,,,,,
Dis3,186,Dis3,54,33,2.87E-17,,,,,,,,,,,,
Dis3,993,Dis3,447,34,1.09E-07,,,,,,,,,,,,
Rrp45,284,Rrp45,292,35,2.29E-09,,,,,,,,,,,,
Dis3,537,Dis3,532,36,4.40E-05,,,,,,,,,,,,
Dis3,515,Dis3,532,37,7.00E-05,,,,,,,,,,,,
Dis3,297,Dis3,385,38,6.52E-09,,,,,,,,,,,,
Dis3,497,Rrp45,292,39,2.34E-07,,,,,,,,,,,,
Dis3,461,Dis3,305,40,7.43E-09,,,,,,,,,,,,
Dis3,461,Dis3,433,41,9.12E-03,,,,,,,,,,,,
Dis3,305,Dis3,391,42,3.50E-09,,,,,,,,,,,,
Dis3,530,Dis3,532,43,2.93E-06,,,,,,,,,,,,
Dis3,993,Dis3,995,44,2.07E-15,,,,,,,,,,,,
Csl4,42,Rrp42,237,45,2.24E-12,,,,,,,,,,,,
Csl4,42,Rrp42,240,46,0.0505,,,,,,,,,,,,
Rrp4,255,Rrp6,513,47,1.86E-15,,,,,,,,,,,,
Mtr3,16,Rrp45,130,48,1.62E-05,,,,,,,,,,,,
Rrp43,71,Mtr3,30,49,9.34E-05,,,,,,,,,,,,
Rrp6,421,Rrp4,151,50,9.42E-17,,,,,,,,,,,,
Rrp6,421,Rrp4,235,51,2.94E-11,,,,,,,,,,,,
Rrp6,607,Csl4,119,52,2.99E-03,,,,,,,,,,,,
Rrp6,421,Rrp4,122,53,0.0125,,,,,,,,,,,,
Mtr3,16,Ski6,88,54,5.25E-08,,,,,,,,,,,,
Rrp4,255,Ski7,582,55,2.04E-03,,,,,,,,,,,,
Rrp43,71,Rrp42,104,56,0.000000805,,,,,,,,,,,,
Rrp6,513,Rrp4,151,57,1.18E-16,,,,,,,,,,,,
Csl4,219,Ski7,305,58,3.35E-08,,,,,,,,,,,,
Ski7,180,Rrp43,45,59,1.94E-11,,,,,,,,,,,,
Rrp6,513,Rrp4,235,60,2.25E-07,,,,,,,,,,,,
Rrp43,71,Mtr3,31,61,1.73E-08,,,,,,,,,,,,
Rrp40,108,Rrp4,151,62,0.000302,,,,,,,,,,,,
Rrp6,121,Rrp43,45,63,1.89E-07,,,,,,,,,,,,
Ski7,181,Rrp43,45,64,0.00000808,,,,,,,,,,,,
Rrp6,513,Rrp4,122,65,8.17E-02,,,,,,,,,,,,
Lrp1,141,Rrp6,379,66,9.78E-13,,,,,,,,,,,,
Ski7,180,Csl4,119,67,3.10E-08,,,,,,,,,,,,
Ski7,305,Rrp4,151,68,8.48E-11,,,,,,,,,,,,
Rrp6,587,Rrp43,375,69,9.62E-02,,,,,,,,,,,,
Ski7,104,Rrp4,235,70,1.51E-11,,,,,,,,,,,,
Rrp40,108,Rrp4,122,71,4.30E-03,,,,,,,,,,,,
Rrp6,587,Rrp43,45,72,3.89E-12,,,,,,,,,,,,
Rrp46,37,Ski6,62,73,1.28E-15,,,,,,,,,,,,
Rrp43,368,Rrp6,727,74,2.88E-08,,,,,,,,,,,,
Rrp4,353,Ski6,238,75,4.19E-08,,,,,,,,,,,,
Rrp43,368,Rrp6,725,76,1.27E-04,,,,,,,,,,,,
Ski7,234,Rrp4,151,77,5.82E-10,,,,,,,,,,,,
Lrp1,103,Rrp6,106,78,5.92E-10,,,,,,,,,,,,
Rrp4,151,Ski7,325,79,7.68E-04,,,,,,,,,,,,
Rrp45,3,Ski6,62,80,1.90E-12,,,,,,,,,,,,
Lrp1,16,Rrp6,45,81,5.45E-02,,,,,,,,,,,,
Rrp4,151,Csl4,71,82,5.61E-07,,,,,,,,,,,,
Lrp1,103,Rrp6,379,83,2.31E-10,,,,,,,,,,,,
Rrp6,676,Rrp43,45,84,1.44E-09,,,,,,,,,,,,
Rrp4,151,Ski7,87,85,1.14E-03,,,,,,,,,,,,
Ski7,94,Rrp4,235,86,2.19E-02,,,,,,,,,,,,
Ski7,234,Rrp4,122,87,4.66E-05,,,,,,,,,,,,
Ski7,97,Rrp4,235,88,3.36E-07,,,,,,,,,,,,
Rrp4,151,Ski7,620,89,3.50E-08,,,,,,,,,,,,
Rrp4,235,Ski7,111,90,5.19E-06,,,,,,,,,,,,
Rrp6,559,Csl4,119,91,2.40E-07,,,,,,,,,,,,
Rrp6,106,Lrp1,99,92,2.48E-09,,,,,,,,,,,,
Rrp6,343,Lrp1,91,93,3.09E-05,,,,,,,,,,,,
Rrp4,235,Ski7,87,94,3.76E-11,,,,,,,,,,,,
Lrp1,110,Rrp6,379,95,9.45E-04,,,,,,,,,,,,
Ski6,62,Rrp4,125,96,2.77E-10,,,,,,,,,,,,
Ski6,62,Rrp4,122,97,1.87E-13,,,,,,,,,,,,
Ski7,325,Rrp4,190,98,6.19E-08,,,,,,,,,,,,
Lrp1,22,Rrp6,45,99,6.61E-02,,,,,,,,,,,,
Rrp43,375,Rrp6,727,100,1.80E-05,,,,,,,,,,,,
Dis3,34,Ski6,83,101,6.85E-05,,,,,,,,,,,,
Rrp43,45,Rrp6,595,102,4.14E-06,,,,,,,,,,,,
Rrp6,127,Lrp1,99,103,8.55E-02,,,,,,,,,,,,
Rrp43,45,Rrp6,727,104,2.59E-05,,,,,,,,,,,,
Rrp43,45,Rrp6,671,105,1.92E-05,,,,,,,,,,,,
Rrp43,45,Rrp6,732,106,2.86E-04,,,,,,,,,,,,
Rrp4,122,Ski6,57,107,5.29E-10,,,,,,,,,,,,
Rrp6,40,Lrp1,8,108,8.41E-05,,,,,,,,,,,,
Rrp4,122,Ski7,39,109,5.37E-05,,,,,,,,,,,,
Rrp43,45,Rrp6,665,110,4.42E-07,,,,,,,,,,,,
Lrp1,8,Rrp6,45,111,7.20E-03,,,,,,,,,,,,
Csl4,285,Csl4,219,112,2.50E-02,,,,,,,,,,,,
Rrp4,255,Rrp4,151,113,2.57E-17,,,,,,,,,,,,
Rrp43,204,Rrp43,173,114,5.56E-06,,,,,,,,,,,,
Rrp4,255,Rrp4,235,115,1.46E-15,,,,,,,,,,,,
Rrp4,255,Rrp4,122,116,2.45E-03,,,,,,,,,,,,
Rrp6,153,Rrp6,155,117,3.30E-06,,,,,,,,,,,,
Rrp6,137,Rrp6,269,118,6.26E-12,,,,,,,,,,,,
Rrp6,121,Rrp6,356,119,8.90E-13,,,,,,,,,,,,
Dis3,243,Dis3,305,120,1.72E-05,,,,,,,,,,,,
Rrp4,255,Rrp4,190,121,1.87E-03,,,,,,,,,,,,
Csl4,89,Csl4,71,122,4.83E-11,,,,,,,,,,,,
Rrp6,153,Rrp6,160,123,1.63E-10,,,,,,,,,,,,
Rrp40,176,Rrp40,224,124,9.68E-06,,,,,,,,,,,,
Rrp6,658,Rrp6,660,125,2.33E-06,,,,,,,,,,,,
Rrp6,658,Rrp6,664,126,3.82E-02,,,,,,,,,,,,
Rrp6,658,Rrp6,665,127,0.00106,,,,,,,,,,,,
Ski7,29,Ski7,44,128,8.97E-11,,,,,,,,,,,,
Mtr3,16,Mtr3,31,129,2.28E-03,,,,,,,,,,,,
Rrp6,121,Rrp6,343,130,3.04E-13,,,,,,,,,,,,
Lrp1,154,Lrp1,164,131,2.04E-04,,,,,,,,,,,,
Rrp6,339,Rrp6,343,132,4.69E-13,,,,,,,,,,,,
Ski7,29,Ski7,51,133,4.59E-06,,,,,,,,,,,,
Rrp43,280,Rrp43,173,134,5.71E-05,,,,,,,,,,,,
Rrp6,137,Rrp6,131,135,0.00292,,,,,,,,,,,,
Rrp6,691,Rrp6,676,136,5.27E-13,,,,,,,,,,,,
Rrp6,559,Rrp6,563,137,1.50E-11,,,,,,,,,,,,
Rrp6,32,Rrp6,40,138,2.26E-04,,,,,,,,,,,,
Ski7,305,Ski7,585,139,1.22E-16,,,,,,,,,,,,
Ski7,29,Ski7,39,140,5.18E-04,,,,,,,,,,,,
Ski7,16,Ski7,44,141,4.38E-05,,,,,,,,,,,,
Ski7,29,Ski7,14,142,3.82E-03,,,,,,,,,,,,
Ski7,305,Ski7,325,143,1.74E-07,,,,,,,,,,,,
Ski7,118,Ski7,111,144,4.58E-05,,,,,,,,,,,,
Ski7,104,Ski7,94,145,5.13E-05,,,,,,,,,,,,
Lrp1,112,Lrp1,103,146,7.53E-16,,,,,,,,,,,,
Dis3,22,Dis3,124,147,1.75E-13,,,,,,,,,,,,
Ski7,104,Ski7,87,148,6.25E-11,,,,,,,,,,,,
Rrp6,356,Rrp6,343,149,4.82E-11,,,,,,,,,,,,
Rrp6,32,Rrp6,43,150,6.99E-03,,,,,,,,,,,,
Rrp6,587,Rrp6,595,151,1.04E-05,,,,,,,,,,,,
Ski7,336,Ski7,626,152,9.20E-09,,,,,,,,,,,,
Lrp1,16,Lrp1,8,153,6.21E-08,,,,,,,,,,,,
Ski7,585,Ski7,325,154,2.70E-05,,,,,,,,,,,,
Dis3,22,Dis3,34,155,1.09E-02,,,,,,,,,,,,
Rrp40,217,Rrp40,228,156,5.51E-03,,,,,,,,,,,,
Ski7,585,Ski7,626,157,3.78E-11,,,,,,,,,,,,
Lrp1,112,Lrp1,91,158,4.25E-07,,,,,,,,,,,,
Ski7,325,Ski7,626,159,9.94E-05,,,,,,,,,,,,
Lrp1,103,Lrp1,91,160,2.01E-09,,,,,,,,,,,,
Rrp6,671,Rrp6,665,161,1.72E-05,,,,,,,,,,,,
Lrp1,81,Lrp1,84,162,1.16E-12,,,,,,,,,,,,
Rrp4,151,Rrp4,122,163,7.01E-09,,,,,,,,,,,,
Ski7,44,Ski7,56,164,9.57E-04,,,,,,,,,,,,
Ski7,97,Ski7,111,165,7.08E-04,,,,,,,,,,,,
Rrp46,64,Rrp46,56,166,9.43E-03,,,,,,,,,,,,
Ski6,62,Ski6,54,167,2.85E-02,,,,,,,,,,,,
Csl4,116,Csl4,119,168,2.03E-09,,,,,,,,,,,,
Ski7,97,Ski7,87,169,1.25E-11,,,,,,,,,,,,
Rrp4,101,Rrp4,122,170,1.66E-02,,,,,,,,,,,,
Rrp6,135,Rrp6,127,171,5.97E-03,,,,,,,,,,,,
Rrp40,232,Rrp40,228,172,2.83E-02,,,,,,,,,,,,
Rrp6,343,Rrp6,127,173,8.25E-02,,,,,,,,,,,,
Ski7,111,Ski7,87,174,1.50E-05,,,,,,,,,,,,
Rrp4,151,Rrp4,190,175,1.72E-04,,,,,,,,,,,,
Lrp1,110,Lrp1,91,176,6.26E-05,,,,,,,,,,,,
Rrp6,676,Rrp6,665,177,3.61E-06,,,,,,,,,,,,
Ski6,88,Ski6,83,178,2.74E-06,,,,,,,,,,,,
Ski7,626,Ski7,620,179,1.08E-10,,,,,,,,,,,,
Ski7,325,Ski7,304,180,4.61E-02,,,,,,,,,,,,
Lrp1,110,Lrp1,99,181,1.00E-07,,,,,,,,,,,,
Ski7,44,Ski7,39,182,8.77E-07,,,,,,,,,,,,
Rrp43,208,Rrp43,173,183,1.35E-04,,,,,,,,,,,,
Lrp1,91,Lrp1,84,184,2.27E-11,,,,,,,,,,,,
Rrp4,125,Rrp4,122,185,9.36E-10,,,,,,,,,,,,
Ski7,94,Ski7,86,186,3.50E-05,,,,,,,,,,,,
Rrp46,56,Rrp46,64,187,1.17E-08,,,,,,,,,,,,
Rrp4,235,Rrp4,190,188,8.12E-07,,,,,,,,,,,,
Ski6,62,Ski6,57,189,9.41E-08,,,,,,,,,,,,
Ski7,51,Ski7,61,190,1.15E-02,,,,,,,,,,,,
Lrp1,46,Lrp1,8,191,5.49E-06,,,,,,,,,,,,
Lrp1,91,Lrp1,99,192,7.62E-06,,,,,,,,,,,,
Rrp6,127,Rrp6,131,193,1.01E-03,,,,,,,,,,,,
Rrp4,235,Rrp4,193,194,4.02E-02,,,,,,,,,,,,
Ski6,92,Ski6,83,195,7.44E-07,,,,,,,,,,,,
Ski7,111,Ski7,113,196,3.51E-06,,,,,,,,,,,,
Ski7,51,Ski7,39,197,1.80E-05,,,,,,,,,,,,
Ski6,83,Ski6,88,198,3.45E-05,,,,,,,,,,,,
Rrp6,732,Rrp6,725,199,7.57E-04,,,,,,,,,,,,
Ski7,61,Ski7,39,200,1.70E-06,,,,,,,,,,,,
Ski7,61,Ski7,53,201,7.66E-06,,,,,,,,,,,,
Rrp6,40,Rrp6,45,202,1.57E-04,,,,,,,,,,,,
GFP,41,Rrp40,228,203,7.97E-02,,,,,,,,,,,,
MPP6,113,MPP6,104,204,9.06E-16,,,,,,,,,,,,
Rrp40,49,MPP6,104,205,3.33E-13,,,,,,,,,,,,
GFP,107,GFP,162,206,8.75E-07,,,,,,,,,,,,
Csl4,116,Rrp6,563,207,2.99E-06,,,,,,,,,,,,
GFP,131,GFP,101,208,1.09E-05,,,,,,,,,,,,
GFP,126,GFP,107,209,1.67E-04,,,,,,,,,,,,
Ski7,113,Ski7,111,210,2.54E-04,,,,,,,,,,,,
Lrp1,84,Lrp1,91,211,5.10E-04,,,,,,,,,,,,
RPL3,136,RPL3,128,212,1.33E-03,,,,,,,,,,,,
GFP,101,GFP,166,213,3.89E-03,,,,,,,,,,,,
Ski7,51,Ski7,56,214,5.81E-02,,,,,,,,,,,,
Rrp40,176,MPP6,113,215,2.07E-11,,,,,,,,,,,,
GFP,41,Rrp40,224,216,7.69E-10,,,,,,,,,,,,
RPL3,281,RPL3,349,217,5.24E-04,,,,,,,,,,,,
GFP,126,GFP,101,218,2.10E-03,,,,,,,,,,,,
